,Y365F,V367A,V367F,K386E,L452Q,L452R,Y453F,N460K,E484A,E484K,E484V,T478K,Q498H,H519D,H519N
Y365F,,,,,7.18,7.34,,,,,17.00,,,,
V67A,,,,,7.92,8.08,,,,,17.75,,,,
V367F,,,,6.76,5.31,5.47,,4.33,,,15.13,,,,
K386E,,,6.76,,8.69,8.85,,,,,,,,,
L452Q,7.18,7.92,5.31,8.69,,,8.13,6.26,13.14,9.16,17.06,,,,
L452R,7.34,8.08,5.47,8.85,,,8.29,6.42,13.30,9.32,17.22,6.26,5.00,7.88,6.10
Y453F,,,,,8.13,8.29,,,,,17.95,,,,
N460K,,,4.33,,6.26,6.42,,,,,16.08,,,,
E484A,,,,,13.14,13.30,,,,,,,,,
E484K,,,,,9.16,9.32,,,,,,,,,
E484V,17.00,17.75,15.13,,17.06,17.22,17.95,16.08,,,,,,,
