,Y365F,V367A,V367F,K386E,L452Q,L452R,Y453F,N460K,E484A,E484K,E484V,Q498H,H519D,H519N
Y365F,,,,,11.57,11.61,,,,,10.70,,,
V67A,,,,,11.52,11.56,,,,,10.65,,,
V367F,,,,,11.80,11.85,11.59,11.78,,11.47,10.94,,,
K386E,,,,,11.50,11.54,,,,,,,,
L452Q,11.57,11.52,11.80,11.50,,,11.52,11.70,11.08,11.39,10.86,,,
L452R,11.61,11.56,11.85,11.54,,,11.56,11.74,11.12,11.43,10.90,11.76,11.50,11.67
Y453F,,,11.59,,11.52,11.56,,,,,10.65,,,
N460K,,,11.78,,11.70,11.74,,,,,10.83,,,
E484A,,,,,11.08,11.12,,,,,,,,
E484K,,,11.47,,11.39,11.43,,,,,,,,
E484V,10.70,10.65,10.94,,10.86,10.90,10.65,10.83,,,,,,
