,0,1,2,3,4,5,6,7,8,9,10,11,12,13,14,15,16,17,18,19,20,21,22,23,24,25,26,27,28,29,30,31,32,33,34,35,36,37,38,39,40,41,42,43,44,45,46,47,48,49,50,51,52,53,54,55,56,57,58,59,60,61,62,63,64,65,66,67,68,69,70,71,72,73,74,75,76,77,78,79,80,81,82,83,84,85,86,87,88,89,90,91,92,93,94,95,96,97,98,99,100,101,102,103,104,105,106,107,108,109,110,111,112,113,114,115,116,117,118,119,120,121,122,123,124,125,126,127,128,129,130,131,132,133,134,135,136,137,138,139,140,141,142,143,144,145,146,147,148,149,150,151,152,153,154,155,156,157,158,159,160,161,162,163,164,165,166,167,168,169,170,171,172,173,174,175,176,177,178,179,180,181,182,183,184,185,186,187,188,189,190,191,192,193,194,195,196,197,198,199,200
A,18,33,41,31,45,25,28,12,80,26,15,13,7,31212,18,6,4,31551,24,10,2,31554,7,11,8,17,17,10,15,8,9,21,31282,22,29,27,51,8,20,20,57,31193,18,37,29,19,4,23,6,5,25,19,17,24,46,44,22,23,38,48,62,23,36,40,9,10,31695,2,8,0,8,6,21,13,5,11,12,14,3,1,31416,7,28,11,25,23,44,8,31433,35,26,5,4,39,5,14,40,55,4,35,5,2,9,16,31292,23,39,3,2,10,3,3,46,31,18,37,24,15,49,33,20,51,21,3,26,13,18,45,45,21,11,17,34,20,17,16,4,17,32,24,22,15,12,17,31541,44,13,54,41,7,18,27,20,11,47,22,13,11,6,41,16,0,20,16,7,38,2,32,7,18,7,6,44,49,19,21,29,20,4,4,4,2,2,15,2,5,3,4,5,31498,1,31579,2,7,3,9,42,27,5,19,73
C,16,36,14,21,28,31140,11,16,33,14,13,19,19,22,14,13,5,8,0,3,2,11,6,4,6,5,9,7,14,7,31602,7,17,23,30,16,46,6,13,9,28,12,24,28,15,10,20,16,31676,4,22,10,7,11,35,23,13,19,15,18,30541,22,19,29,4,11,12,1,2,0,3,9,4,6,1,2,6,18,2,0,28,2,42,13,15,16,29,5,25,50,15,1,1,11,24,10,31,29,3,41,6,31751,7,26,25,18,37,2,4,6,1,3,20,16,11,7,17,10,32,25,11,19,19,4,19,13,6,21,46,16,8,13,9,20,10,13,4,20,24,17,23,4,20,10,12,20,13,21,48,31667,19,38,14,17,34,21,23,31658,7,33,8,9,10,10,7,20,3,12,9,16,12,2,22,12,22,16,11,10,2,8,1,2,2,16,3,2,7,4,11,16,5,3,0,0,31719,6,9,11,14,22,51
D,16,40,21,32,38,40,17,7,39,41,14,13,13,30,21,30,4,7,6,0,2,7,1,7,0,4,7,1,5,8,2,8,7,31523,25,29,36,11,13,21,31,35,24,43,45,18,3,5,1,3,17,10,13,12,62,32,13,29,31251,10,46,24,32,31,0,4,0,31730,4,0,2,0,3,4,31727,11,1,11,1,0,14,4,53,3,17,20,42,2,7,30682,7,4,2,5,2,28,30966,30916,3,23,4,0,3,1,5,2,28,3,6,15,4,31631,9,15,13,21,24,15,50,45,8,17,3,1,10,5,3,16,38,15,1,11,7,15,10,11,31729,16,33,16,46,10,11,14,11,20,9,27,32,7,21,47,13,28,40,18,29,2,3,31,5,0,7,6,3,11,1,12,12,8,16,5,33,26,19,8,0,13,1,0,1,0,0,3,5,11,5,9,15,17,5,11,0,0,1,5,12,21,11,11,53
E,24,29,14,20,54,20,15,5,55,31201,7,12,11,40,19,18,6,16,14,5,8,34,9,9,8,17,29,15,16,13,13,23,21,10,31,27,44,3,33,20,31,32,12,25,13,7,2,32,0,0,11,3,12,15,29,48,11,13,48,24,60,14,15,21,3,15,0,14,16,0,5,3,14,5,16,31723,14,7,7,0,28,3,21,19,18,10,36,4,7,39,5,0,0,12,1,9,40,55,1,18,0,0,2,0,4,8,21,2,0,16,4,22,13,35,17,22,15,14,36,35,8,40,17,1,11,7,13,20,22,13,3,18,10,20,31531,10,5,18,7,21,30970,6,13,13,16,24,4,14,28,4,14,5,17,31332,27,24,14,9,2,17,8,1,16,9,10,15,2,14,6,18,11,1,24,48,14,15,2,7,0,0,2,0,0,10,0,31720,2,4,1,36,0,31,0,0,1,9,16,23,20,16,48
F,18,58,28,22,45,42,22,31421,39,22,28,31407,17,25,22,16,31663,8,2,0,10,6,13,10,5,6,10,28,18,4,18,7,29,8,43,25,71,34,30,17,41,33,36,31049,33,22,31559,14,14,46,20,12,36,8,43,27,24,20,17,40,54,31250,29,39,14,25,19,2,7,31790,0,0,5,8,1,6,7,11,2,1,14,2,51,16,32,5,42,7,5,53,75,1,20,12,12,11,44,45,31555,46,4,8,5,42,31,41,7,0,7,5,5,4,15,13,12,28,14,19,61,48,57,43,26,3,16,31522,4,33,40,19,8,13,18,31408,6,17,7,11,22,20,49,42,56,8,14,12,25,45,42,8,43,27,16,26,26,31167,12,3,19,31136,1,11,10,12,25,14,31709,26,13,28,19,1,59,14,48,6,3,47,3,4,3,2,14,25,31725,3,9,7,12,8,6,7,1,0,17,3,7,12,17,36,24
G,24,39,29,34,42,45,13,11,30738,42,19,22,20,28,33,19,7,19,11,3,2,11,6,8,9,20,25,19,18,7,10,12,26,24,33,29,83,6,21,18,47,50,29,25,17,7,3,9,5,0,31395,4,11,21,58,38,19,5,47,22,65,24,40,30,12,4,5,1,10,2,5,0,11,31728,5,8,6,16,2,1,34,9,31052,21,27,31551,54,3,25,55,17,8,3,16,3,19,42,49,2,9,31776,0,4,8,34,14,35,2,4,11,1,6,27,29,20,31301,31447,7,38,33,7,49,8,3,17,12,22,36,54,14,2,22,18,26,25,19,6,20,49,22,53,9,11,10,16,31267,3,19,34,9,11,31251,16,20,31262,17,31,6,2,27,13,4,13,15,1,31365,5,12,8,17,11,31786,41,31116,7,8,10,4,3,0,0,1,0,18,4,8,1,2,3,12,8,7,1,9,5,31655,19,34,12,19,73
H,16,38,29,20,40,16,27,7,28,23,9,10,14,19,14,18,2,8,8,0,11,8,5,11,7,4,7,6,15,6,8,10,15,12,25,9,20,20,27,22,24,23,12,30,28,14,6,15,4,22,20,12,11,20,45,31,15,15,13,36,49,10,12,28,7,8,2,3,2,2,0,0,3,3,2,2,3,21,8,1,16,2,26,39,11,11,28,1,9,55,30,2,0,13,4,17,38,38,18,33,2,1,2,12,5,5,25,5,11,10,9,8,9,8,10,21,13,21,46,25,21,27,10,5,12,8,24,25,28,24,4,11,18,21,8,18,3,18,28,14,26,18,25,18,0,10,3,16,70,5,21,24,10,13,13,29,30,9,13,25,4,2,16,12,18,16,4,29,24,22,11,0,29,15,37,37,2,35,5,0,1,0,1,16,4,7,10,9,31591,13,14,5,0,0,1,0,18,11,19,24,40
I,30,30925,35,31,44,35,23,35,31,16,33,42,9,36,20,30,10,3,0,1,3,6,1,11,2,7,18,31470,11,3,8,15,20,6,48,34,57,31,29,28,43,32,26,64,9,34,33,25,15,14,17,23,7,28,64,28,17,36,17,49,58,33,26,40,19,16,18,2,4,0,10,31747,7,1,2,1,13,6,0,31747,11,8,23,11,25,2,70,31677,21,41,22,0,9,5,32,7,59,40,26,57,4,10,51,31445,32,22,28,5,8,17,13,21,14,13,16,19,10,18,32,43,32,25,12,2,11,23,5,42,50,19,18,20,14,24,14,28,5,31313,42,27,33,31367,24,13,19,15,29,51,58,9,41,34,22,27,23,32,11,2,12,33,3,13,11,16,17,20,2,18,16,11,25,2,50,21,10,10,3,36,1,16,14,10,12,26,11,6,8,16,12,12,10,6,8,18,5,6,16,16,39,35,70
K,27,44,33,41,56,20,26,5,63,44,5,9,15,31,30,27,4,20,30,0,7,13,7,18,8,31560,49,23,17,20,14,28,22,13,29,35,51,19,37,28,48,23,28,18,21,14,9,31400,1,4,21,3,6,21,43,30939,18,21,29,48,63,24,39,52,10,9,0,2,14,2,2,0,32,7,7,12,17,5,11,3,24,13,36,48,52,8,30786,3,10,36,31,1,1,31512,0,17,41,25,3,41,0,1,3,2,4,32,47,1,13,34,10,6,17,31292,18,24,15,12,70,46,25,70,39,9,13,15,22,31065,35,31,4,31420,11,10,14,33,2,24,23,32,47,20,11,22,14,35,12,31,49,7,45,18,15,15,12,27,21,6,3,30,7,7,17,15,4,19,1,29,5,32,7,2,30,47,23,22,4,12,9,0,0,1,0,12,1,2,11,9,3,3,2,7,1,0,4,6,36,31281,31364,17,142
L,53,92,81,58,30798,69,72,102,100,63,49,93,34,55,46,41,29,16,16,4,13,14,12,18,3,30,58,71,23,18,24,32,64,19,104,87,144,31479,71,39,100,46,58,106,57,40,47,38,18,14,21,29,40,44,76,90,31501,52,41,31002,117,72,56,71,35,38,17,11,32,3,28,19,18,4,9,3,92,25,13,33,20,31,63,66,37,26,71,34,14,115,82,3,9,30,31582,24,90,72,68,93,4,26,26,66,33,59,52,2,19,38,31726,32,41,51,35,39,43,25,105,95,94,30894,58,4,31490,40,25,98,72,37,31685,56,29,62,21,60,10,72,39,51,76,69,62,42,17,32,24,49,160,14,57,44,39,54,51,106,28,20,24,79,7,31664,39,29,26,50,36,59,28,53,20,4,83,82,28,81,7,48,2,10,14,4,31773,30,22,5,31660,31624,21,14,8,18,0,11,8,20,83,57,45,64,149
M,27,32,38,33,54,28,16,29,44,32,9,21,15,19,14,24,9,15,15,7,5,16,10,5,6,23,28,42,10,14,18,18,21,1,51,36,61,22,36,15,35,25,16,20,27,23,18,21,9,12,14,11,8,18,29,57,28,27,26,51,58,34,24,28,14,14,0,18,23,13,8,9,25,5,3,5,41,7,2,19,13,1,30,37,48,14,66,18,8,48,29,1,4,6,46,12,33,23,16,35,2,7,18,47,32,38,16,5,5,15,5,15,19,36,29,27,16,14,48,44,32,63,30,1,19,12,12,33,30,19,18,32,10,16,30,20,1,32,11,33,31,34,32,18,11,31,3,25,48,4,34,20,12,14,21,35,13,4,11,16,10,26,9,14,15,26,7,29,11,33,16,1,33,31,33,45,3,15,2,11,11,0,3,17,4,0,15,17,0,9,1,10,0,0,4,8,19,38,46,21,157
N,31320,63,34,31160,52,45,25,14,45,24,13,10,31540,33,35,34,1,5,10,1,2,13,0,31601,5,8,5,12,9,31643,8,6,11,39,29,21,62,11,25,31391,42,22,36,34,31,17,16,44,3,7,41,12,11,23,68,39,11,31363,28,31,68,28,31,31057,7,15,2,3,2,2,2,1,4,4,8,3,2,8,4,1,11,6,60,17,44,19,94,4,17,107,42,31766,1,32,2,35,78,100,6,68,2,0,0,1,22,9,31137,3,31680,31507,6,7,20,37,12,20,15,31503,54,30924,29,31,14,3,9,12,18,42,58,31407,4,23,15,28,8,15,7,33,52,26,48,26,22,19,9,25,19,45,64,9,31292,44,20,37,29,29,31412,13,7,35,8,8,15,14,12,24,2,24,19,31,31515,2,30,37,19,9,0,53,4,0,3,1,0,20,5,10,9,9,34,11,8,6,3,0,7,3,19,32,46,19,115
P,20,39,36,28,65,20,31360,15,46,30,11,12,3,8,21,8,6,16,20,8,1,4,9,5,4,2,21,6,12,1,8,8,39,11,38,18,27,25,25,27,58,27,34,36,36,3,0,3,0,2,14,7,12,31397,39,16,9,15,24,56,48,16,19,32,2,0,1,2,1,2,0,0,15,0,1,0,5,16,1,0,2,31668,4,9,20,4,14,0,16,2,2,0,3,5,12,31459,21,24,7,10,3,1,2,1,4,3,61,3,1,12,4,2,16,22,12,25,18,7,41,42,19,9,0,5,31,4,1,39,30,20,3,9,31484,3,3,11,5,26,11,24,28,19,1,25,11,11,39,32,30654,5,17,18,5,22,19,43,12,4,4,36,31640,4,12,11,6,10,2,9,31527,11,7,1,23,31,5,4,31670,2,0,0,0,0,0,3,1,6,10,14,13,13,31688,6,2,0,3,5,31276,13,10,31,72
Q,22,29,21,28,55,11,20,16,43,22,4,7,6,19,10,17,4,8,15,0,4,14,3,9,5,13,18,9,6,9,7,13,18,12,16,14,33,20,20,4,19,19,12,16,11,7,0,24,3,5,12,7,6,11,22,52,6,12,27,38,35,17,15,25,6,3,0,4,12,0,3,0,8,3,0,3,12,7,31746,0,11,10,24,31311,12,9,29,4,10,33,19,2,0,16,4,19,16,22,1,26,0,1,1,3,13,18,22,2,8,10,9,2,15,22,9,15,9,13,40,40,23,50,9,1,15,11,4,23,22,15,1,12,10,11,5,13,3,18,12,17,43,13,11,31428,5,23,5,16,60,8,23,17,10,13,8,13,7,5,8,15,11,3,31486,11,6,19,1,31341,20,14,16,0,21,27,13,31360,2,8,3,0,0,0,0,13,0,3,22,10,9,4,1,3,0,0,0,5,28,34,11,16,68
R,45,51,60,57,101,28,16,9,86,44,11,25,22,50,35,31376,7,15,14,2,3,31,8,25,31713,30,31379,19,27,20,20,28,49,35,51,37,90,20,48,40,77,46,42,46,22,14,3,60,6,10,50,9,16,40,34,74,19,34,43,68,107,21,38,51,17,10,1,3,22,0,0,2,31606,10,10,1,34,31581,11,2,31,13,73,56,67,17,89,2,23,96,27,1,3,31,4,26,42,37,0,47,0,2,4,3,7,57,56,1,14,25,6,2,23,59,21,43,38,16,102,65,25,91,19,31763,24,26,31586,38,73,34,0,34,21,26,16,31431,4,35,42,54,72,26,21,45,19,46,25,50,79,16,22,22,10,31,44,41,23,19,11,52,2,17,34,17,15,30,2,48,27,40,12,3,44,77,21,73,7,20,31779,0,0,1,1,21,3,3,7,13,15,22,21,12,1,1,8,26,52,56,22,20,146
S,34,97,88,76,89,79,52,35,122,72,25,21,33,60,75,43,16,40,31613,8,11,29,11,21,20,21,43,15,31541,14,18,36,44,22,72,31280,95,30,54,40,30916,65,31287,68,31304,56,25,30,12,7,46,19,31555,43,120,86,24,56,50,67,120,64,68,79,5,27,16,2,31623,1,3,3,22,13,11,7,4,33,5,1,55,15,78,53,62,48,100,3,91,149,40,24,4,38,6,73,77,96,9,69,6,2,4,31,101,42,95,31767,9,32,7,22,31430,37,31,61,40,44,141,106,47,107,55,12,33,33,39,91,31027,34,11,34,52,41,34,35,14,40,31283,57,94,33,35,54,39,62,31514,79,141,25,56,82,47,56,70,66,63,35,1,81,49,7,32,31555,27,48,3,47,36,64,59,8,64,55,58,49,55,56,2,2,3,3,0,31476,4,14,14,12,25,45,17,38,3,0,20,19,58,48,42,31345,172
T,30,55,31128,54,69,36,44,11,62,37,12,15,15,42,31319,35,10,35,11,1,10,27,4,24,11,27,40,13,30,14,14,21,42,9,47,22,51,25,37,46,79,56,52,47,52,31472,13,22,8,12,25,9,21,40,30891,69,26,38,31,75,74,38,31251,68,15,21,12,10,21,2,8,14,20,2,4,15,17,14,6,4,46,12,27,37,31249,15,94,12,40,74,22,4,3,2,22,33,50,64,11,31044,2,2,25,27,74,31,53,11,15,24,5,12,36,54,20,38,19,25,77,65,18,63,25,5,23,18,13,48,62,30,5,32,35,19,20,28,6,50,56,31311,48,37,26,34,27,61,31,31170,113,5,38,43,14,25,36,42,36,8,1,32,20,11,31,19,4,28,1,36,25,31355,26,1,25,41,8,20,8,32,5,9,6,4,3,39,10,11,10,18,12,38,21,53,31798,0,4,7,65,40,36,23,30132
V,47,71,45,36,76,58,21,35,73,46,31523,39,12,71,53,35,13,20,10,31774,6,18,9,15,6,20,34,25,20,8,14,31511,44,14,55,38,30704,29,47,16,60,51,34,51,28,23,29,25,27,10,29,31610,17,26,40,80,23,16,38,60,86,43,37,45,31639,11,22,12,10,0,31742,16,4,6,8,3,31533,12,1,16,42,18,62,27,35,7,66,39,49,47,50,3,2,28,64,10,54,59,20,52,6,10,31660,52,51,49,46,11,10,22,5,22,30,22,31497,43,30,22,62,60,32,72,31,2,25,28,5,63,56,28,39,22,10,8,27,22,6,34,28,25,62,41,44,22,33,42,12,51,45,10,22,41,31508,49,28,51,13,4,17,43,17,26,22,15,19,40,7,21,17,27,11,4,31139,42,23,25,9,36,3,31765,31760,31796,17,35,5,3,15,28,6,50,6,18,2,31784,6,18,23,41,24,38,111
W,9,20,25,17,38,30,5,17,57,11,10,13,5,11,3,11,12,9,8,2,8,3,31703,3,4,12,25,21,12,8,7,12,31,10,43,25,42,14,22,11,36,18,17,37,12,9,15,6,14,14,9,5,9,11,21,26,17,9,15,20,50,27,11,17,6,8,0,4,13,2,0,1,3,2,2,9,8,7,2,0,3,2,23,18,14,10,23,4,1,20,26,2,1,4,3,4,21,22,28,17,2,5,1,11,25,31338,13,0,4,8,3,2,14,24,14,20,8,3,40,24,14,55,22,3,13,7,7,13,10,10,0,13,13,18,23,16,2,12,10,18,26,10,14,4,2,28,9,8,24,4,8,3,10,16,19,21,10,5,11,21,0,8,9,10,11,22,18,16,4,13,9,1,14,40,33,14,3,16,0,1,0,1,1,9,2,3,1,11,5,2,2,5,0,0,9,20,17,13,15,17,55
Y,34,39,30,31,41,43,17,28,46,20,20,27,20,19,28,29,18,11,3,1,31720,11,6,15,0,4,8,18,11,5,8,14,28,17,31031,21,62,17,31222,18,58,22,33,50,40,21,25,18,8,31639,21,16,15,17,65,31,14,27,32,67,69,46,32,47,6,31581,8,4,4,9,1,0,5,6,8,5,3,11,3,0,11,4,54,18,20,15,53,0,19,93,31263,2,31760,13,2,3,47,59,49,66,2,1,3,36,36,21,12,2,10,13,4,8,16,14,15,19,15,27,30706,32,31308,54,31412,0,13,21,3,39,32,24,5,18,12,34,8,14,7,21,26,21,33,31,31379,14,14,22,38,27,40,7,28,25,12,24,21,26,29,7,31668,47,1,9,21,24,31597,15,22,16,16,19,20,0,22,19,31390,7,2,31360,2,0,7,2,1,26,19,8,11,10,37,7,6,5,8,0,5,0,15,22,32,37,79
